fasta order,fasta headers,tip_labels_alt1,species,Source_type
1,NZPLR246-13|Keratella_tropica,NZPLR246-13|Keratella_tropica,Keratella tropica,DS-NZROT
2,NZPLR205-12|Euchlanis_cf._deflexa,NZPLR205-12|Euchlanis_cf._deflexa,Euchlanis cf. deflexa,DS-NZROT
3,NZPLR206-12|Euchlanis_cf._deflexa,NZPLR206-12|Euchlanis_cf._deflexa,Euchlanis cf. deflexa,DS-NZROT
4,GBSP15186-19|Polyarthra-vulgaris|COI-5P|KJ460380,GBSP15186-19|Polyarthra-vulgaris|COI-5P|KJ460380,Polyarthra vulgaris,Public
5,NZPL547-12|Euchlanis_pyriformis,NZPL547-12|Euchlanis_pyriformis,Euchlanis pyriformis,DS-NZROT
6,NZPLR215-13|Euchlanis_pyriformis,NZPLR215-13|Euchlanis_pyriformis,Euchlanis pyriformis,DS-NZROT
7,NZPLR242-13|Euchlanis_pyriformis,NZPLR242-13|Euchlanis_pyriformis,Euchlanis pyriformis,DS-NZROT
8,NZPLR258-13|Trichotria_tetractis,NZPLR258-13|Trichotria_tetractis,Trichotria tetractis,DS-NZROT
9,NZPLR372-14|Colurella_uncinata,NZPLR372-14|Colurella_uncinata,Colurella uncinata,DS-NZROT
10,AGROT766-11|Lepadella-cf._ovalis|COI-5P|JX216761,AGROT766-11|Lepadella-cf._ovalis|COI-5P|JX216761,Lepadella cf. ovalis,Public
11,NZPLR190-12|Lepadella_cf._ovalis,NZPLR190-12|Lepadella_cf._ovalis,Lepadella cf. ovalis,DS-NZROT
12,NZPLR234-13|Notommata_pseudocerberus,NZPLR234-13|Notommata_pseudocerberus,Notommata pseudocerberus,DS-NZROT
13,AGROT845-11|Lecane-lunaris_AEG1|COI-5P|JX216731,AGROT845-11|Lecane-lunaris_AEG1|COI-5P|JX216731,Lecane lunaris,Public
14,NZPL561-12|Lecane_lunaris,NZPL561-12|Lecane_lunaris,Lecane lunaris,DS-NZROT
15,NZPLR192-12|Lecane_lunaris,NZPLR192-12|Lecane_lunaris,Lecane lunaris,DS-NZROT
16,NZPL864-17|Lecane_lunaris,NZPL864-17|Lecane_lunaris,Lecane lunaris,DS-NZROT
17,NZPL868-17|Lecane_lunaris,NZPL868-17|Lecane_lunaris,Lecane lunaris,DS-NZROT
18,NZPL869-17|Lecane_lunaris,NZPL869-17|Lecane_lunaris,Lecane lunaris,DS-NZROT
19,NZPLR045-11|Lecane_lunaris,NZPLR045-11|Lecane_lunaris,Lecane lunaris,DS-NZROT
20,NZPL870-17|Lecane_lunaris,NZPL870-17|Lecane_lunaris,Lecane lunaris,DS-NZROT
21,AGROT491-11|Lecane-lunaris|COI-5P|JX216723,AGROT491-11|Lecane-lunaris|COI-5P|JX216723,Lecane lunaris,Public
22,NZPLR185-12|Synchaeta_oblonga,NZPLR185-12|Synchaeta_oblonga,Synchaeta oblonga,DS-NZROT
23,NZPLR186-12|Synchaeta_oblonga,NZPLR186-12|Synchaeta_oblonga,Synchaeta oblonga,DS-NZROT
24,NZPLR247-13|Synchaeta_grimpii,NZPLR247-13|Synchaeta_grimpii,Synchaeta grimpii,DS-NZROT
25,NZPLR005-10|Synchaeta_oblonga,NZPLR005-10|Synchaeta_oblonga,Synchaeta oblonga,DS-NZROT
26,NZPLR028-11|Synchaeta_oblonga,NZPLR028-11|Synchaeta_oblonga,Synchaeta oblonga,DS-NZROT
27,NZPLR030-11|Synchaeta_oblonga,NZPLR030-11|Synchaeta_oblonga,Synchaeta oblonga,DS-NZROT
28,GBMIN140495-18|Synchaeta-pectinata|COI-5P|KP875653,GBMIN140495-18|Synchaeta-pectinata|COI-5P|KP875653,Synchaeta pectinata,Public
29,NZPLR019-11|Synchaeta_pectinata,NZPLR019-11|Synchaeta_pectinata,Synchaeta pectinata,DS-NZROT
30,NZPLR020-11|Synchaeta_pectinata,NZPLR020-11|Synchaeta_pectinata,Synchaeta pectinata,DS-NZROT
31,NZPLR021-11|Synchaeta_pectinata,NZPLR021-11|Synchaeta_pectinata,Synchaeta pectinata,DS-NZROT
32,NZPLR071-11|Synchaeta_pectinata,NZPLR071-11|Synchaeta_pectinata,Synchaeta pectinata,DS-NZROT
33,NZPLR072-11|Synchaeta_pectinata,NZPLR072-11|Synchaeta_pectinata,Synchaeta pectinata,DS-NZROT
34,NZPLR074-11|Synchaeta_pectinata,NZPLR074-11|Synchaeta_pectinata,Synchaeta pectinata,DS-NZROT
35,NZPLR208-12|Synchaeta_pectinata,NZPLR208-12|Synchaeta_pectinata,Synchaeta pectinata,DS-NZROT
36,NZPLR210-12|Synchaeta_pectinata,NZPLR210-12|Synchaeta_pectinata,Synchaeta pectinata,DS-NZROT
37,"MK905787.1_Synchaeta_hutchingsi_isolate_030817_WHV_I1_cytochrome_c_oxidase_I_(COI)_gene,_partial_cds;_mitochondrial","MK905787.1_Synchaeta_hutchingsi_isolate_030817_WHV_I1_cytochrome_c_oxidase_I_(COI)_gene,_partial_cds;_mitochondrial",Synchaeta hutchingsi,Public
38,NZPLR114-11|Trichocerca_tenuior,NZPLR114-11|Trichocerca_tenuior,Trichocerca tenuior,DS-NZROT
39,NZPL882-17|Trichocerca_similis,NZPL882-17|Trichocerca_similis,Trichocerca similis,DS-NZROT
40,NZPL845-17|Trichocerca_similis,NZPL845-17|Trichocerca_similis,Trichocerca similis,DS-NZROT
41,NZPL878-17|Trichocerca_similis,NZPL878-17|Trichocerca_similis,Trichocerca similis,DS-NZROT
42,NZPL848-17|Trichocerca_similis,NZPL848-17|Trichocerca_similis,Trichocerca similis,DS-NZROT
43,NZPL522-12|Trichocerca_similis,NZPL522-12|Trichocerca_similis,Trichocerca similis,DS-NZROT
44,NZPLA046-11|Trichocerca_similis,NZPLA046-11|Trichocerca_similis,Trichocerca similis,DS-NZROT
45,NZPLR003-10|Trichocerca_similis,NZPLR003-10|Trichocerca_similis,Trichocerca similis,DS-NZROT
46,NZPLR009-11|Trichocerca_similis,NZPLR009-11|Trichocerca_similis,Trichocerca similis,DS-NZROT
47,NZPLR053-11|Trichocerca_similis,NZPLR053-11|Trichocerca_similis,Trichocerca similis,DS-NZROT
48,NZPLR054-11|Trichocerca_similis,NZPLR054-11|Trichocerca_similis,Trichocerca similis,DS-NZROT
49,NZPLR055-11|Trichocerca_similis,NZPLR055-11|Trichocerca_similis,Trichocerca similis,DS-NZROT
50,NZPLR056-11|Trichocerca_similis,NZPLR056-11|Trichocerca_similis,Trichocerca similis,DS-NZROT
51,NZPLR058-11|Trichocerca_similis,NZPLR058-11|Trichocerca_similis,Trichocerca similis,DS-NZROT
52,NZPLR060-11|Trichocerca_similis,NZPLR060-11|Trichocerca_similis,Trichocerca similis,DS-NZROT
53,NZPL846-17|Trichocerca_similis,NZPL846-17|Trichocerca_similis,Trichocerca similis,DS-NZROT
54,NZPL850-17|Trichocerca_similis,NZPL850-17|Trichocerca_similis,Trichocerca similis,DS-NZROT
55,NZPL853-17|Trichocerca_similis,NZPL853-17|Trichocerca_similis,Trichocerca similis,DS-NZROT
56,NZPL854-17|Trichocerca_similis,NZPL854-17|Trichocerca_similis,Trichocerca similis,DS-NZROT
57,NZPL855-17|Trichocerca_similis,NZPL855-17|Trichocerca_similis,Trichocerca similis,DS-NZROT
58,NZPL857-17|Trichocerca_similis,NZPL857-17|Trichocerca_similis,Trichocerca similis,DS-NZROT
59,NZPL873-17|Trichocerca_similis,NZPL873-17|Trichocerca_similis,Trichocerca similis,DS-NZROT
60,NZPL874-17|Trichocerca_similis,NZPL874-17|Trichocerca_similis,Trichocerca similis,DS-NZROT
61,NZPL875-17|Trichocerca_similis,NZPL875-17|Trichocerca_similis,Trichocerca similis,DS-NZROT
62,NZPL877-17|Trichocerca_similis,NZPL877-17|Trichocerca_similis,Trichocerca similis,DS-NZROT
63,NZPL879-17|Trichocerca_similis,NZPL879-17|Trichocerca_similis,Trichocerca similis,DS-NZROT
64,NZPL880-17|Trichocerca_similis,NZPL880-17|Trichocerca_similis,Trichocerca similis,DS-NZROT
65,NZPL881-17|Trichocerca_similis,NZPL881-17|Trichocerca_similis,Trichocerca similis,DS-NZROT
66,NZPL883-17|Trichocerca_similis,NZPL883-17|Trichocerca_similis,Trichocerca similis,DS-NZROT
67,NZPL884-17|Trichocerca_similis,NZPL884-17|Trichocerca_similis,Trichocerca similis,DS-NZROT
68,GBSP10093-13|Ascomorpha-ovalis|COI-5P|KC618797,GBSP10093-13|Ascomorpha-ovalis|COI-5P|KC618797,Ascomorpha ovalis,Public
69,GBSP10086-13|Ascomorpha-ovalis|COI-5P|KC618804,GBSP10086-13|Ascomorpha-ovalis|COI-5P|KC618804,Ascomorpha ovalis,Public
70,NZPL556-12|Ascomorpha_ovalis,NZPL556-12|Ascomorpha_ovalis,Ascomorpha ovalis,DS-NZROT
71,NZPL557-12|Ascomorpha_ovalis,NZPL557-12|Ascomorpha_ovalis,Ascomorpha ovalis,DS-NZROT
72,NZPL558-12|Asplanchna_priodonta,NZPL558-12|Asplanchna_priodonta,Asplanchna priodonta,DS-NZROT
73,NZPL559-12|Asplanchna_priodonta,NZPL559-12|Asplanchna_priodonta,Asplanchna priodonta,DS-NZROT
74,NZPL560-12|Asplanchna_priodonta,NZPL560-12|Asplanchna_priodonta,Asplanchna priodonta,DS-NZROT
75,NZPL578-12|Asplanchna_priodonta,NZPL578-12|Asplanchna_priodonta,Asplanchna priodonta,DS-NZROT
76,GBMIN139567-18|Asplanchna-sp._WM-2017b|COI-5P|LC215491,GBMIN139567-18|Asplanchna-sp._WM-2017b|COI-5P|LC215491,Asplanchna priodonta,Public
77,GBSP15633-19|Asplanchna-sp._WM-2017b|COI-5P|LC215492,GBSP15633-19|Asplanchna-sp._WM-2017b|COI-5P|LC215492,Asplanchna priodonta,Public
78,NZPL545-12|Asplanchna_priodonta,NZPL545-12|Asplanchna_priodonta,Asplanchna priodonta,DS-NZROT
79,NZPL546-12|Asplanchna_priodonta,NZPL546-12|Asplanchna_priodonta,Asplanchna priodonta,DS-NZROT
80,NZPL579-12|Asplanchna_priodonta,NZPL579-12|Asplanchna_priodonta,Asplanchna priodonta,DS-NZROT
81,NZPLR022-11|Asplanchna_priodonta,NZPLR022-11|Asplanchna_priodonta,Asplanchna priodonta,DS-NZROT
82,NZPLR024-11|Asplanchna_priodonta,NZPLR024-11|Asplanchna_priodonta,Asplanchna priodonta,DS-NZROT
83,NZPLR209-12|Asplanchna_priodonta,NZPLR209-12|Asplanchna_priodonta,Asplanchna priodonta,DS-NZROT
84,NZPL539-12|Squatinella_mutica,NZPL539-12|Squatinella_mutica,Squatinella mutica,DS-NZROT
85,NZPLR187-12|Squatinella_mutica,NZPLR187-12|Squatinella_mutica,Squatinella mutica,DS-NZROT
86,NZPLR188-12|Squatinella_mutica,NZPLR188-12|Squatinella_mutica,Squatinella mutica,DS-NZROT
87,NZPLR219-13|Squatinella_mutica,NZPLR219-13|Squatinella_mutica,Squatinella mutica,DS-NZROT
88,"MZ438192.1_Keratella_tropica_isolate_Ktro_CT_cytochrome_c_oxidase_subunit_I_(COX1)_gene,_partial_cds;_mitochondrial","MZ438192.1_Keratella_tropica_isolate_Ktro_CT_cytochrome_c_oxidase_subunit_I_(COX1)_gene,_partial_cds;_mitochondrial",Keratella tropica,Public
89,GBMIN140357-18|Keratella-sp._WM-2017d|COI-5P|LC215546,GBMIN140357-18|Keratella-sp._WM-2017d|COI-5P|LC215546,Keratella tropica,Public
90,GBMIN140358-18|Keratella-sp._WM-2017d|COI-5P|LC215545,GBMIN140358-18|Keratella-sp._WM-2017d|COI-5P|LC215545,Keratella tropica,Public
91,GBMIN140359-18|Keratella-sp._WM-2017d|COI-5P|LC215542,GBMIN140359-18|Keratella-sp._WM-2017d|COI-5P|LC215542,Keratella tropica,Public
92,GBMIN140360-18|Keratella-sp._WM-2017d|COI-5P|LC215544,GBMIN140360-18|Keratella-sp._WM-2017d|COI-5P|LC215544,Keratella tropica,Public
93,GBMIN140362-18|Keratella-sp._WM-2017e|COI-5P|LC215548,GBMIN140362-18|Keratella-sp._WM-2017e|COI-5P|LC215548,Keratella tropica,Public
94,GBSP15657-19|Keratella-sp._WM-2017d|COI-5P|LC215543,GBSP15657-19|Keratella-sp._WM-2017d|COI-5P|LC215543,Keratella tropica,Public
95,GBSP15658-19|Keratella-sp._WM-2017e|COI-5P|LC215549,GBSP15658-19|Keratella-sp._WM-2017e|COI-5P|LC215549,Keratella tropica,Public
96,"MZ438189.1_Keratella_tropica_isolate_Ktro_MX_cytochrome_c_oxidase_subunit_I_(COX1)_gene,_partial_cds;_mitochondrial","MZ438189.1_Keratella_tropica_isolate_Ktro_MX_cytochrome_c_oxidase_subunit_I_(COX1)_gene,_partial_cds;_mitochondrial",Keratella tropica,Public
97,"MZ438190.1_Keratella_tropica_isolate_Ktro_QLS_cytochrome_c_oxidase_subunit_I_(COX1)_gene,_partial_cds;_mitochondrial","MZ438190.1_Keratella_tropica_isolate_Ktro_QLS_cytochrome_c_oxidase_subunit_I_(COX1)_gene,_partial_cds;_mitochondrial",Keratella tropica,Public
98,"MZ438191.1_Keratella_tropica_isolate_Ktro_GS_cytochrome_c_oxidase_subunit_I_(COX1)_gene,_partial_cds;_mitochondrial","MZ438191.1_Keratella_tropica_isolate_Ktro_GS_cytochrome_c_oxidase_subunit_I_(COX1)_gene,_partial_cds;_mitochondrial",Keratella tropica,Public
99,"MZ438193.1_Keratella_tropica_isolate_Ktro_DB_cytochrome_c_oxidase_subunit_I_(COX1)_gene,_partial_cds;_mitochondrial","MZ438193.1_Keratella_tropica_isolate_Ktro_DB_cytochrome_c_oxidase_subunit_I_(COX1)_gene,_partial_cds;_mitochondrial",Keratella tropica,Public
100,"MZ438194.1_Keratella_tropica_isolate_Ktro_SHB_cytochrome_c_oxidase_subunit_I_(COX1)_gene,_partial_cds;_mitochondrial","MZ438194.1_Keratella_tropica_isolate_Ktro_SHB_cytochrome_c_oxidase_subunit_I_(COX1)_gene,_partial_cds;_mitochondrial",Keratella tropica,Public
101,"MZ438195.1_Keratella_tropica_isolate_Ktro_HS_cytochrome_c_oxidase_subunit_I_(COX1)_gene,_partial_cds;_mitochondrial","MZ438195.1_Keratella_tropica_isolate_Ktro_HS_cytochrome_c_oxidase_subunit_I_(COX1)_gene,_partial_cds;_mitochondrial",Keratella tropica,Public
102,"MZ438196.1_Keratella_tropica_isolate_Ktro_SB_cytochrome_c_oxidase_subunit_I_(COX1)_gene,_partial_cds;_mitochondrial","MZ438196.1_Keratella_tropica_isolate_Ktro_SB_cytochrome_c_oxidase_subunit_I_(COX1)_gene,_partial_cds;_mitochondrial",Keratella tropica,Public
103,NZPL526-12|Keratella_tropica,NZPL526-12|Keratella_tropica,Keratella tropica,DS-NZROT
104,NZPLR011-11|Keratella_tropica,NZPLR011-11|Keratella_tropica,Keratella tropica,DS-NZROT
105,NZPLR012-11|Keratella_tropica,NZPLR012-11|Keratella_tropica,Keratella tropica,DS-NZROT
106,NZPLR018-11|Keratella_tropica,NZPLR018-11|Keratella_tropica,Keratella tropica,DS-NZROT
107,NZPLR075-11|Keratella_tropica,NZPLR075-11|Keratella_tropica,Keratella tropica,DS-NZROT
108,NZPLR076-11|Keratella_tropica,NZPLR076-11|Keratella_tropica,Keratella tropica,DS-NZROT
109,NZPLR373-14|Keratella_tropica,NZPLR373-14|Keratella_tropica,Keratella tropica,DS-NZROT
110,AGROT524-11|Keratella-tropica|COI-5P|JX216641,AGROT524-11|Keratella-tropica|COI-5P|JX216641,Keratella tropica,Public
111,NZPL503-12|Keratella_procurva,NZPL503-12|Keratella_procurva,Keratella procurva,DS-NZROT
112,NZPL504-12|Keratella_procurva,NZPL504-12|Keratella_procurva,Keratella procurva,DS-NZROT
113,NZPL520-12|Keratella_procurva,NZPL520-12|Keratella_procurva,Keratella procurva,DS-NZROT
114,NZPL521-12|Keratella_procurva,NZPL521-12|Keratella_procurva,Keratella procurva,DS-NZROT
115,NZPLR007-10|Keratella_procurva,NZPLR007-10|Keratella_procurva,Keratella procurva,DS-NZROT
116,NZPLR178-12|Keratella_procurva,NZPLR178-12|Keratella_procurva,Keratella procurva,DS-NZROT
117,GBSP15536-19|Keratella-tropica|COI-5P|KY749470,GBSP15536-19|Keratella-tropica|COI-5P|KY749470,Keratella tropica,Public
118,GBSP15542-19|Keratella-tropica|COI-5P|KY749476,GBSP15542-19|Keratella-tropica|COI-5P|KY749476,Keratella tropica,Public
119,GBSP15566-19|Trichocerca-similis|COI-5P|KY749503,GBSP15566-19|Trichocerca-similis|COI-5P|KY749503,Trichocerca similis,Public
120,NZPLR196-12|Trichocerca_similis,NZPLR196-12|Trichocerca_similis,Trichocerca similis,DS-NZROT
121,NZPL911-17|Polyarthra_dolichoptera,NZPL911-17|Polyarthra_dolichoptera,Polyarthra dolichoptera,DS-NZROT
122,NZPL928-17|Polyarthra_dolichoptera,NZPL928-17|Polyarthra_dolichoptera,Polyarthra dolichoptera,DS-NZROT
123,NZPL933-17|Polyarthra_dolichoptera,NZPL933-17|Polyarthra_dolichoptera,Polyarthra dolichoptera,DS-NZROT
124,GBMAA513-14|Polyarthra-dolichoptera|COI-5P|KJ460388,GBMAA513-14|Polyarthra-dolichoptera|COI-5P|KJ460388,Polyarthra dolichoptera,Public
125,NZPL906-17|Polyarthra_dolichoptera,NZPL906-17|Polyarthra_dolichoptera,Polyarthra dolichoptera,DS-NZROT
126,NZPL919-17|Polyarthra_dolichoptera,NZPL919-17|Polyarthra_dolichoptera,Polyarthra dolichoptera,DS-NZROT
127,GBMIN140378-18|Polyarthra-sp._WM-2017d|COI-5P|LC215569,GBMIN140378-18|Polyarthra-sp._WM-2017d|COI-5P|LC215569,Polyarthra dolichoptera,Public
128,GBMIN140378-18|Polyarthra-sp._WM-2017d|COI-5P|LC215569_sp._WM-2017d|COI-5P|LC215569,GBMIN140378-18|Polyarthra-sp._WM-2017d|COI-5P|LC215569_sp._WM-2017d|COI-5P|LC215569,Polyarthra dolichoptera,Public
129,"MZ438155.1_Polyarthra_dolichoptera_isolate_Pdol_QX_cytochrome_c_oxidase_subunit_I_(COX1)_gene,_partial_cds;_mitochondrial","MZ438155.1_Polyarthra_dolichoptera_isolate_Pdol_QX_cytochrome_c_oxidase_subunit_I_(COX1)_gene,_partial_cds;_mitochondrial",Polyarthra dolichoptera,Public
130,"MZ438156.1_Polyarthra_dolichoptera_isolate_Pdol_HT_cytochrome_c_oxidase_subunit_I_(COX1)_gene,_partial_cds;_mitochondrial","MZ438156.1_Polyarthra_dolichoptera_isolate_Pdol_HT_cytochrome_c_oxidase_subunit_I_(COX1)_gene,_partial_cds;_mitochondrial",Polyarthra dolichoptera,Public
131,"MZ438157.1_Polyarthra_dolichoptera_isolate_Pdol_MX_cytochrome_c_oxidase_subunit_I_(COX1)_gene,_partial_cds;_mitochondrial","MZ438157.1_Polyarthra_dolichoptera_isolate_Pdol_MX_cytochrome_c_oxidase_subunit_I_(COX1)_gene,_partial_cds;_mitochondrial",Polyarthra dolichoptera,Public
132,NZPL496-12|Polyarthra_dolichoptera,NZPL496-12|Polyarthra_dolichoptera,Polyarthra dolichoptera,DS-NZROT
133,NZPLR068-11|Polyarthra_dolichoptera,NZPLR068-11|Polyarthra_dolichoptera,Polyarthra dolichoptera,DS-NZROT
134,NZPLR070-11|Polyarthra_dolichoptera,NZPLR070-11|Polyarthra_dolichoptera,Polyarthra dolichoptera,DS-NZROT
135,NZPL918-17|Polyarthra_dolichoptera,NZPL918-17|Polyarthra_dolichoptera,Polyarthra dolichoptera,DS-NZROT
136,NZPL915-17|Polyarthra_dolichoptera,NZPL915-17|Polyarthra_dolichoptera,Polyarthra dolichoptera,DS-NZROT
137,NZPL925-17|Polyarthra_dolichoptera,NZPL925-17|Polyarthra_dolichoptera,Polyarthra dolichoptera,DS-NZROT
138,NZPL907-17|Polyarthra_dolichoptera,NZPL907-17|Polyarthra_dolichoptera,Polyarthra dolichoptera,DS-NZROT
139,NZPL902-17|Polyarthra_dolichoptera,NZPL902-17|Polyarthra_dolichoptera,Polyarthra dolichoptera,DS-NZROT
140,NZPL923-17|Polyarthra_dolichoptera,NZPL923-17|Polyarthra_dolichoptera,Polyarthra dolichoptera,DS-NZROT
141,NZPL886-17|Polyarthra_dolichoptera,NZPL886-17|Polyarthra_dolichoptera,Polyarthra dolichoptera,DS-NZROT
142,NZPL885-17|Polyarthra_dolichoptera,NZPL885-17|Polyarthra_dolichoptera,Polyarthra dolichoptera,DS-NZROT
143,NZPL867-17|Polyarthra_dolichoptera,NZPL867-17|Polyarthra_dolichoptera,Polyarthra dolichoptera,DS-NZROT
144,NZPL892-17|Polyarthra_dolichoptera,NZPL892-17|Polyarthra_dolichoptera,Polyarthra dolichoptera,DS-NZROT
145,NZPL893-17|Polyarthra_dolichoptera,NZPL893-17|Polyarthra_dolichoptera,Polyarthra dolichoptera,DS-NZROT
146,NZPL904-17|Polyarthra_dolichoptera,NZPL904-17|Polyarthra_dolichoptera,Polyarthra dolichoptera,DS-NZROT
147,NZPL905-17|Polyarthra_dolichoptera,NZPL905-17|Polyarthra_dolichoptera,Polyarthra dolichoptera,DS-NZROT
148,NZPL908-17|Polyarthra_dolichoptera,NZPL908-17|Polyarthra_dolichoptera,Polyarthra dolichoptera,DS-NZROT
149,NZPL909-17|Polyarthra_dolichoptera,NZPL909-17|Polyarthra_dolichoptera,Polyarthra dolichoptera,DS-NZROT
150,NZPL910-17|Polyarthra_dolichoptera,NZPL910-17|Polyarthra_dolichoptera,Polyarthra dolichoptera,DS-NZROT
151,NZPL912-17|Polyarthra_dolichoptera,NZPL912-17|Polyarthra_dolichoptera,Polyarthra dolichoptera,DS-NZROT
152,NZPL913-17|Polyarthra_dolichoptera,NZPL913-17|Polyarthra_dolichoptera,Polyarthra dolichoptera,DS-NZROT
153,NZPL914-17|Polyarthra_dolichoptera,NZPL914-17|Polyarthra_dolichoptera,Polyarthra dolichoptera,DS-NZROT
154,NZPL920-17|Polyarthra_dolichoptera,NZPL920-17|Polyarthra_dolichoptera,Polyarthra dolichoptera,DS-NZROT
155,NZPL921-17|Polyarthra_dolichoptera,NZPL921-17|Polyarthra_dolichoptera,Polyarthra dolichoptera,DS-NZROT
156,NZPL926-17|Polyarthra_dolichoptera,NZPL926-17|Polyarthra_dolichoptera,Polyarthra dolichoptera,DS-NZROT
157,NZPL927-17|Polyarthra_dolichoptera,NZPL927-17|Polyarthra_dolichoptera,Polyarthra dolichoptera,DS-NZROT
158,NZPL929-17|Polyarthra_dolichoptera,NZPL929-17|Polyarthra_dolichoptera,Polyarthra dolichoptera,DS-NZROT
159,NZPL930-17|Polyarthra_dolichoptera,NZPL930-17|Polyarthra_dolichoptera,Polyarthra dolichoptera,DS-NZROT
160,NZPL931-17|Polyarthra_dolichoptera,NZPL931-17|Polyarthra_dolichoptera,Polyarthra dolichoptera,DS-NZROT
161,NZPL932-17|Polyarthra_dolichoptera,NZPL932-17|Polyarthra_dolichoptera,Polyarthra dolichoptera,DS-NZROT
162,NZPL888-17|Polyarthra_dolichoptera,NZPL888-17|Polyarthra_dolichoptera,Polyarthra dolichoptera,DS-NZROT
163,NZPL887-17|Polyarthra_dolichoptera,NZPL887-17|Polyarthra_dolichoptera,Polyarthra dolichoptera,DS-NZROT
164,NZPL889-17|Polyarthra_dolichoptera,NZPL889-17|Polyarthra_dolichoptera,Polyarthra dolichoptera,DS-NZROT
165,NZPL890-17|Polyarthra_dolichoptera,NZPL890-17|Polyarthra_dolichoptera,Polyarthra dolichoptera,DS-NZROT
166,NZPL894-17|Polyarthra_dolichoptera,NZPL894-17|Polyarthra_dolichoptera,Polyarthra dolichoptera,DS-NZROT
167,NZPL895-17|Polyarthra_dolichoptera,NZPL895-17|Polyarthra_dolichoptera,Polyarthra dolichoptera,DS-NZROT
168,NZPL896-17|Polyarthra_dolichoptera,NZPL896-17|Polyarthra_dolichoptera,Polyarthra dolichoptera,DS-NZROT
169,NZPL897-17|Polyarthra_dolichoptera,NZPL897-17|Polyarthra_dolichoptera,Polyarthra dolichoptera,DS-NZROT
170,NZPL898-17|Polyarthra_dolichoptera,NZPL898-17|Polyarthra_dolichoptera,Polyarthra dolichoptera,DS-NZROT
171,NZPL899-17|Polyarthra_dolichoptera,NZPL899-17|Polyarthra_dolichoptera,Polyarthra dolichoptera,DS-NZROT
172,NZPL900-17|Polyarthra_dolichoptera,NZPL900-17|Polyarthra_dolichoptera,Polyarthra dolichoptera,DS-NZROT
173,NZPL901-17|Polyarthra_dolichoptera,NZPL901-17|Polyarthra_dolichoptera,Polyarthra dolichoptera,DS-NZROT
174,NZPL903-17|Polyarthra_dolichoptera,NZPL903-17|Polyarthra_dolichoptera,Polyarthra dolichoptera,DS-NZROT
175,NZPL924-17|Polyarthra_dolichoptera,NZPL924-17|Polyarthra_dolichoptera,Polyarthra dolichoptera,DS-NZROT
176,AGROT606-11|Brachionus-calyciflorus|COI-5P|JX216516,AGROT606-11|Brachionus-calyciflorus|COI-5P|JX216516,Brachionus calyciflorus,Public
177,GBMAA1950-15|Brachionus-calyciflorus|COI-5P|KC495144,GBMAA1950-15|Brachionus-calyciflorus|COI-5P|KC495144,Brachionus calyciflorus,Public
178,GBMIN139609-18|Brachionus-calyciflorus|COI-5P|KX495817,GBMIN139609-18|Brachionus-calyciflorus|COI-5P|KX495817,Brachionus calyciflorus,Public
179,GBSP15159-19|Brachionus-calyciflorus|COI-5P|KT730031,GBSP15159-19|Brachionus-calyciflorus|COI-5P|KT730031,Brachionus calyciflorus,Public
180,NZPL543-12|Brachionus_calyciflorus,NZPL543-12|Brachionus_calyciflorus,Brachionus calyciflorus,DS-NZROT
181,NZPLR010-11|Brachionus_calyciflorus,NZPLR010-11|Brachionus_calyciflorus,Brachionus calyciflorus,DS-NZROT
182,NZPLR014-11|Brachionus_calyciflorus,NZPLR014-11|Brachionus_calyciflorus,Brachionus calyciflorus,DS-NZROT
183,NZPLR223-13|Brachionus_calyciflorus,NZPLR223-13|Brachionus_calyciflorus,Brachionus calyciflorus,DS-NZROT
184,NZPLR224-13|Brachionus_calyciflorus,NZPLR224-13|Brachionus_calyciflorus,Brachionus calyciflorus,DS-NZROT
185,AGROT516-11|Brachionus-angularis|COI-5P|JX216504,AGROT516-11|Brachionus-angularis|COI-5P|JX216504,Brachionus angularis,Public
186,GBSP10915-19|Brachionus-quadridentatus|COI-5P|KU720083,GBSP10915-19|Brachionus-quadridentatus|COI-5P|KU720083,Brachionus quadridentatus,Public
187,NZPL544-12|Brachionus_quadridentatus,NZPL544-12|Brachionus_quadridentatus,Brachionus quadridentatus,DS-NZROT
188,NZPLR017-11|Brachionus_quadridentatus,NZPLR017-11|Brachionus_quadridentatus,Brachionus quadridentatus,DS-NZROT
189,NZPL499-12|Brachionus_angularis,NZPL499-12|Brachionus_angularis,Brachionus angularis,DS-NZROT
190,NZPL500-12|Brachionus_angularis,NZPL500-12|Brachionus_angularis,Brachionus angularis,DS-NZROT
191,NZPLR176-12|Brachionus_angularis,NZPLR176-12|Brachionus_angularis,Brachionus angularis,DS-NZROT
192,GBMAA1973-15|Brachionus-angularis|COI-5P|KM051944,GBMAA1973-15|Brachionus-angularis|COI-5P|KM051944,Brachionus angularis,Public
193,GBSP15483-19|Brachionus-angularis|COI-5P|KY749380,GBSP15483-19|Brachionus-angularis|COI-5P|KY749380,Brachionus angularis,Public
194,NZPLR051-11|Brachionus_angularis,NZPLR051-11|Brachionus_angularis,Brachionus angularis,DS-NZROT
195,NZPLR199-12|Brachionus_angularis,NZPLR199-12|Brachionus_angularis,Brachionus angularis,DS-NZROT
196,NZPLR200-12|Brachionus_angularis,NZPLR200-12|Brachionus_angularis,Brachionus angularis,DS-NZROT
197,GBMIN140181-18|Brachionus-quadridentatus|COI-5P|KY749410,GBMIN140181-18|Brachionus-quadridentatus|COI-5P|KY749410,Brachionus quadridentatus,Public
198,GBSP15494-19|Brachionus-quadridentatus|COI-5P|KY749407,GBSP15494-19|Brachionus-quadridentatus|COI-5P|KY749407,Brachionus quadridentatus,Public
199,NZPL494-11|Brachionus_quadridentatus,NZPL494-11|Brachionus_quadridentatus,Brachionus quadridentatus,DS-NZROT
200,NZPL501-12|Brachionus_quadridentatus,NZPL501-12|Brachionus_quadridentatus,Brachionus quadridentatus,DS-NZROT
201,NZPLR177-12|Brachionus_quadridentatus,NZPLR177-12|Brachionus_quadridentatus,Brachionus quadridentatus,DS-NZROT
202,GBMIN140182-18|Brachionus-quadridentatus|COI-5P|KY749408,GBMIN140182-18|Brachionus-quadridentatus|COI-5P|KY749408,Brachionus quadridentatus,Public
203,NZPLR213-13|Trichocerca_pusilla,NZPLR213-13|Trichocerca_pusilla,Trichocerca pusilla,DS-NZROT
204,NZPLR214-13|Trichocerca_pusilla,NZPLR214-13|Trichocerca_pusilla,Trichocerca pusilla,DS-NZROT
205,GBSP15391-19|Keratella-cochlearis|COI-5P|KT986484,GBSP15391-19|Keratella-cochlearis|COI-5P|KT986484,Keratella cochlearis,Public
206,NZPLR004-10|Keratella_cochlearis,NZPLR004-10|Keratella_cochlearis,Keratella cochlearis,DS-NZROT
207,GBMIN140216-18|Keratella-cochlearis|COI-5P|KT986362,GBMIN140216-18|Keratella-cochlearis|COI-5P|KT986362,Keratella cochlearis,Public
208,GBMIN140240-18|Keratella-cochlearis|COI-5P|KT986437,GBMIN140240-18|Keratella-cochlearis|COI-5P|KT986437,Keratella cochlearis,Public
209,GBMIN140248-18|Keratella-cochlearis|COI-5P|KT986414,GBMIN140248-18|Keratella-cochlearis|COI-5P|KT986414,Keratella cochlearis,Public
210,GBMIN140253-18|Keratella-cochlearis|COI-5P|KT986439,GBMIN140253-18|Keratella-cochlearis|COI-5P|KT986439,Keratella cochlearis,Public
211,GBMIN140285-18|Keratella-cochlearis|COI-5P|KT986438,GBMIN140285-18|Keratella-cochlearis|COI-5P|KT986438,Keratella cochlearis,Public
212,GBMIN140322-18|Keratella-cochlearis|COI-5P|KT986360,GBMIN140322-18|Keratella-cochlearis|COI-5P|KT986360,Keratella cochlearis,Public
213,GBMIN140349-18|Keratella-sp._WM-2017a|COI-5P|LC215529,GBMIN140349-18|Keratella-sp._WM-2017a|COI-5P|LC215529,Keratella cochlearis,Public
214,GBSP10066-13|Keratella-cochlearis|COI-5P|KC618824,GBSP10066-13|Keratella-cochlearis|COI-5P|KC618824,Keratella cochlearis,Public
215,GBSP15374-19|Keratella-cochlearis|COI-5P|KT986365,GBSP15374-19|Keratella-cochlearis|COI-5P|KT986365,Keratella cochlearis,Public
216,GBSP15647-19|Keratella-sp._WM-2017a|COI-5P|LC215527,GBSP15647-19|Keratella-sp._WM-2017a|COI-5P|LC215527,Keratella cochlearis,Public
217,GBSP15648-19|Keratella-sp._WM-2017a|COI-5P|LC215530,GBSP15648-19|Keratella-sp._WM-2017a|COI-5P|LC215530,Keratella cochlearis,Public
218,NZPL562-12|Keratella_cochlearis,NZPL562-12|Keratella_cochlearis,Keratella cochlearis,DS-NZROT
219,NZPL563-12|Keratella_cochlearis,NZPL563-12|Keratella_cochlearis,Keratella cochlearis,DS-NZROT
220,NZPL564-12|Keratella_cochlearis,NZPL564-12|Keratella_cochlearis,Keratella cochlearis,DS-NZROT
221,NZPLR039-11|Keratella_cochlearis,NZPLR039-11|Keratella_cochlearis,Keratella cochlearis,DS-NZROT
222,NZPLR078-11|Keratella_cochlearis,NZPLR078-11|Keratella_cochlearis,Keratella cochlearis,DS-NZROT
223,NZPLR108-11|Keratella_cochlearis,NZPLR108-11|Keratella_cochlearis,Keratella cochlearis,DS-NZROT
224,NZPLR109-11|Keratella_cochlearis,NZPLR109-11|Keratella_cochlearis,Keratella cochlearis,DS-NZROT
225,NZPLR111-11|Keratella_cochlearis,NZPLR111-11|Keratella_cochlearis,Keratella cochlearis,DS-NZROT
226,GBMIN140350-18|Keratella-sp._WM-2017a|COI-5P|LC215524,GBMIN140350-18|Keratella-sp._WM-2017a|COI-5P|LC215524,Keratella cochlearis,Public
227,GBMIN140351-18|Keratella-sp._WM-2017a|COI-5P|LC215528,GBMIN140351-18|Keratella-sp._WM-2017a|COI-5P|LC215528,Keratella cochlearis,Public
228,GBMIN140352-18|Keratella-sp._WM-2017a|COI-5P|LC215525,GBMIN140352-18|Keratella-sp._WM-2017a|COI-5P|LC215525,Keratella cochlearis,Public
229,GBMIN140353-18|Keratella-sp._WM-2017a|COI-5P|LC215526,GBMIN140353-18|Keratella-sp._WM-2017a|COI-5P|LC215526,Keratella cochlearis,Public
230,GBMIN140354-18|Keratella-sp._WM-2017a|COI-5P|LC215531,GBMIN140354-18|Keratella-sp._WM-2017a|COI-5P|LC215531,Keratella cochlearis,Public
231,"MZ438200.1_Brachionus_budapestinensis_isolate_Bbud_SB_cytochrome_c_oxidase_subunit_I_(COX1)_gene,_partial_cds;_mitochondrial","MZ438200.1_Brachionus_budapestinensis_isolate_Bbud_SB_cytochrome_c_oxidase_subunit_I_(COX1)_gene,_partial_cds;_mitochondrial",Brachionus budapestanensis,Public
232,NZPLR256-13|Brachionus_budapestanensis,NZPLR256-13|Brachionus_budapestanensis,Brachionus budapestanensis,DS-NZROT
233,"KY749440.1_Brachionus_budapestinensis_isolate_DUL75AR_cytochrome_oxidase_subunit_I_(COI)_gene,_partial_cds;_mitochondrial","KY749440.1_Brachionus_budapestinensis_isolate_DUL75AR_cytochrome_oxidase_subunit_I_(COI)_gene,_partial_cds;_mitochondrial",Brachionus budapestanensis,Public
234,GBSP15598-19|Asplanchna-brightwellii|COI-5P|KY749540,GBSP15598-19|Asplanchna-brightwellii|COI-5P|KY749540,Asplanchna brightwellii,Public
235,NZPLR008-11|Asplanchna_sieboldi,NZPLR008-11|Asplanchna_sieboldi,Asplanchna sieboldi,DS-NZROT
236,NZPLR015-11|Asplanchna_sieboldi,NZPLR015-11|Asplanchna_sieboldi,Asplanchna sieboldi,DS-NZROT
237,NZPLR016-11|Asplanchna_sieboldi,NZPLR016-11|Asplanchna_sieboldi,Asplanchna sieboldi,DS-NZROT
238,NZPLR221-13|Asplanchna_sieboldi,NZPLR221-13|Asplanchna_sieboldi,Asplanchna sieboldi,DS-NZROT
239,NZPLR222-13|Asplanchna_sieboldi,NZPLR222-13|Asplanchna_sieboldi,Asplanchna sieboldi,DS-NZROT
240,NZPLR241-13|Asplanchna_sieboldi,NZPLR241-13|Asplanchna_sieboldi,Asplanchna sieboldi,DS-NZROT
241,NZPLR371-14|Asplanchna_sieboldi,NZPLR371-14|Asplanchna_sieboldi,Asplanchna sieboldi,DS-NZROT
242,NZPLR230-13|Euchlanis_meneta,NZPLR230-13|Euchlanis_meneta,Euchlanis meneta,DS-NZROT
243,NZPLR232-13|Euchlanis_meneta,NZPLR232-13|Euchlanis_meneta,Euchlanis meneta,DS-NZROT
244,NZPLR233-13|Euchlanis_meneta,NZPLR233-13|Euchlanis_meneta,Euchlanis meneta,DS-NZROT
245,NZPLR216-13|Lecane_ludwigii,NZPLR216-13|Lecane_ludwigii,Lecane ludwigii,DS-NZROT
246,NZPLR217-13|Lecane_ludwigii,NZPLR217-13|Lecane_ludwigii,Lecane ludwigii,DS-NZROT
247,NZPLR218-13|Lecane_ludwigii,NZPLR218-13|Lecane_ludwigii,Lecane ludwigii,DS-NZROT
248,AGROT621-11|Trichocerca-cf._capucina|COI-5P|JX216815,AGROT621-11|Trichocerca-cf._capucina|COI-5P|JX216815,Trichocerca cf. capucina,Public
249,CTM001-10|Platyias-quadricornis1|COI-5P|HQ944301,CTM001-10|Platyias-quadricornis1|COI-5P|HQ944301,Platyias quadricornis,Public
250,NZPLR001-10|Platyias_quadricornis,NZPLR001-10|Platyias_quadricornis,Platyias quadricornis,DS-NZROT
251,NZPLR181-12|Platyias_quadricornis,NZPLR181-12|Platyias_quadricornis,Platyias quadricornis,DS-NZROT
252,AGROT512-11|Platyias-quadricornis|COI-5P|JX216800,AGROT512-11|Platyias-quadricornis|COI-5P|JX216800,Platyias quadricornis,Public
253,NZPL525-12|Lecane_luna,NZPL525-12|Lecane_luna,Lecane luna,DS-NZROT
254,NZPLR212-12|Lecane_luna,NZPLR212-12|Lecane_luna,Lecane luna,DS-NZROT
255,NZPLR250-13|Trichocerca_marina,NZPLR250-13|Trichocerca_marina,Trichocerca marina,DS-NZROT
256,NZPLR251-13|Trichocerca_marina,NZPLR251-13|Trichocerca_marina,Trichocerca marina,DS-NZROT
257,AGROT712-11|Lecane-ludwigii_f._ohioensis|COI-5P|JX216710,AGROT712-11|Lecane-ludwigii_f._ohioensis|COI-5P|JX216710,Lecane ludwigii f. ohioensis,Public
258,AGROT837-11|Trichocerca-stylata|COI-5P|JX216825,AGROT837-11|Trichocerca-stylata|COI-5P|JX216825,Trichocerca stylata,Public
259,NZPLR384-14|Trichocerca_stylata,NZPLR384-14|Trichocerca_stylata,Trichocerca stylata,DS-NZROT
260,NZPLR375-14|Trichocerca_stylata,NZPLR375-14|Trichocerca_stylata,Trichocerca stylata,DS-NZROT
261,GBSP10209-16|Polyarthra-dolichoptera|COI-5P|KJ460407,GBSP10209-16|Polyarthra-dolichoptera|COI-5P|KJ460407,Polyarthra dolichoptera,Public
262,GBSP9994-13|Polyarthra-dolichoptera|COI-5P|KC618896,GBSP9994-13|Polyarthra-dolichoptera|COI-5P|KC618896,Polyarthra dolichoptera,Public
263,GBSP15661-19|Polyarthra-sp._WM-2017a|COI-5P|LC215558,GBSP15661-19|Polyarthra-sp._WM-2017a|COI-5P|LC215558,Polyarthra dolichoptera,Public
264,NZPLR197-12|Polyarthra_dolichoptera,NZPLR197-12|Polyarthra_dolichoptera,Polyarthra dolichoptera,DS-NZROT
265,NZPLR198-12|Polyarthra_dolichoptera,NZPLR198-12|Polyarthra_dolichoptera,Polyarthra dolichoptera,DS-NZROT
266,"JX216719.1_Lecane_luna_voucher_ECOCHZ-AG0877_cytochrome_oxidase_subunit_1_(COI)_gene,_partial_cds;_mitochondrial","JX216719.1_Lecane_luna_voucher_ECOCHZ-AG0877_cytochrome_oxidase_subunit_1_(COI)_gene,_partial_cds;_mitochondrial",Lecane luna,Public
267,AGROT551-11|Lecane-bulla4|COI-5P|JX216658,AGROT551-11|Lecane-bulla4|COI-5P|JX216658,Lecane bulla,Public
268,NZPLR227-13|Lecane_bulla,NZPLR227-13|Lecane_bulla,Lecane bulla,DS-NZROT
269,NZPLR228-13|Lecane_bulla,NZPLR228-13|Lecane_bulla,Lecane bulla,DS-NZROT
270,NZPLR229-13|Lecane_bulla,NZPLR229-13|Lecane_bulla,Lecane bulla,DS-NZROT
271,NZPLR193-12|Lecane_bulla,NZPLR193-12|Lecane_bulla,Lecane bulla,DS-NZROT
272,NZPLR194-12|Lecane_bulla,NZPLR194-12|Lecane_bulla,Lecane bulla,DS-NZROT
273,NZPLR195-12|Lecane_bulla,NZPLR195-12|Lecane_bulla,Lecane bulla,DS-NZROT
274,GBSP7568-13|Lecane-bulla|COI-5P|HQ444174,GBSP7568-13|Lecane-bulla|COI-5P|HQ444174,Lecane bulla,Public
275,CTM061-10|Lecane-bulla_AEG9|COI-5P|HQ944348,CTM061-10|Lecane-bulla_AEG9|COI-5P|HQ944348,Lecane bulla,Public
276,CTM062-10|Lecane-bulla|COI-5P|HQ944349,CTM062-10|Lecane-bulla|COI-5P|HQ944349,Lecane bulla,Public
277,AGROT844-11|Lecane-bulla5|COI-5P|JX216662,AGROT844-11|Lecane-bulla5|COI-5P|JX216662,Lecane bulla,Public
278,AGROT404-10|Lecane-bulla_AEG10|COI-5P|JX216664,AGROT404-10|Lecane-bulla_AEG10|COI-5P|JX216664,Lecane bulla,Public
279,AGROT412-10|Lecane-bulla2|COI-5P|JX216651,AGROT412-10|Lecane-bulla2|COI-5P|JX216651,Lecane bulla,Public
280,AGROT517-11|Lecane-bulla3|COI-5P|JX216653,AGROT517-11|Lecane-bulla3|COI-5P|JX216653,Lecane bulla,Public
281,GBSP15071-19|Lecane-bulla|COI-5P|EU188927,GBSP15071-19|Lecane-bulla|COI-5P|EU188927,Lecane bulla,Public
282,NZPL540-12|Lecane_bulla,NZPL540-12|Lecane_bulla,Lecane bulla,DS-NZROT
283,NZPL861-17|Lecane_bulla,NZPL861-17|Lecane_bulla,Lecane bulla,DS-NZROT
284,NZPL862-17|Lecane_bulla,NZPL862-17|Lecane_bulla,Lecane bulla,DS-NZROT
285,NZPL863-17|Lecane_bulla,NZPL863-17|Lecane_bulla,Lecane bulla,DS-NZROT
286,AGROT751-11|Lecane-bulla1|COI-5P|JX216646,AGROT751-11|Lecane-bulla1|COI-5P|JX216646,Lecane bulla,Public
287,GBSP15070-19|Lecane-bulla|COI-5P|EU188932,GBSP15070-19|Lecane-bulla|COI-5P|EU188932,Lecane bulla,Public
288,"JX216696.1_Lecane_hamata_voucher_ECOCHZ-AG0590_cytochrome_oxidase_subunit_1_(COI)_gene,_partial_cds;_mitochondrial","JX216696.1_Lecane_hamata_voucher_ECOCHZ-AG0590_cytochrome_oxidase_subunit_1_(COI)_gene,_partial_cds;_mitochondrial",Lecane hamata,Public
289,NZPL528-12|Lecane_decipiens,NZPL528-12|Lecane_decipiens,Lecane decipiens,DS-NZROT
290,NZPL529-12|Lecane_decipiens,NZPL529-12|Lecane_decipiens,Lecane decipiens,DS-NZROT
291,NZPLR220-13|Lecane_hamata,NZPLR220-13|Lecane_hamata,Lecane hamata,DS-NZROT
292,NZPLR240-13|Lecane_hamata,NZPLR240-13|Lecane_hamata,Lecane hamata,DS-NZROT
293,AGROT486-11|Lecane-closterocerca|COI-5P|JX216672,AGROT486-11|Lecane-closterocerca|COI-5P|JX216672,Lecane closterocerca,Public
294,GBSP15593-19|Lecane-closterocerca|COI-5P|KY749535,GBSP15593-19|Lecane-closterocerca|COI-5P|KY749535,Lecane closterocerca,Public
295,NZPLR253-13|Lecane_closterocerca,NZPLR253-13|Lecane_closterocerca,Lecane closterocerca,DS-NZROT
296,NZPL542-12|Cupelopagis_vorax,NZPL542-12|Cupelopagis_vorax,Cupelopagis vorax,DS-NZROT
297,Collotheca_campanulata_DQ297766,Collotheca_campanulata_DQ297766,Collotheca campanulata,Public
298,NZPLR006-10|Pompholyx_complanata,NZPLR006-10|Pompholyx_complanata,Pompholyx complanata,DS-NZROT
299,NZPLR391-14|Pompholyx_complanata,NZPLR391-14|Pompholyx_complanata,Pompholyx complanata,DS-NZROT
300,NZPLR392-14|Pompholyx_complanata,NZPLR392-14|Pompholyx_complanata,Pompholyx complanata,DS-NZROT
301,NZPLR413-14|Pompholyx_complanata,NZPLR413-14|Pompholyx_complanata,Pompholyx complanata,DS-NZROT
302,NZPLR414-14|Pompholyx_complanata,NZPLR414-14|Pompholyx_complanata,Pompholyx complanata,DS-NZROT
303,NZPLR416-14|Pompholyx_complanata,NZPLR416-14|Pompholyx_complanata,Pompholyx complanata,DS-NZROT
304,NZPLA073-13|Hexarthra_intermedia,NZPLA073-13|Hexarthra_intermedia,Hexarthra intermedia,DS-NZROT
305,GBSP15524-19|Hexarthra-mira|COI-5P|KY749458,GBSP15524-19|Hexarthra-mira|COI-5P|KY749458,Hexarthra mira,Public
306,NZPLR013-11|Hexarthra_intermedia,NZPLR013-11|Hexarthra_intermedia,Hexarthra intermedia,DS-NZROT
307,NZPLR387-14|Hexarthra_intermedia,NZPLR387-14|Hexarthra_intermedia,Hexarthra intermedia,DS-NZROT
308,NZPL516-12|Filinia_longiseta,NZPL516-12|Filinia_longiseta,Filinia longiseta,DS-NZROT
309,NZPL517-12|Filinia_longiseta,NZPL517-12|Filinia_longiseta,Filinia longiseta,DS-NZROT
310,NZPL523-12|Filinia_longiseta,NZPL523-12|Filinia_longiseta,Filinia longiseta,DS-NZROT
311,NZPL524-12|Filinia_longiseta,NZPL524-12|Filinia_longiseta,Filinia longiseta,DS-NZROT
312,NZPLR202-12|Filinia_cf._terminalis,NZPLR202-12|Filinia_cf._terminalis,Filinia cf. terminalis,DS-NZROT
313,NZPLR201-12|Filinia_cf._terminalis,NZPLR201-12|Filinia_cf._terminalis,Filinia cf. terminalis,DS-NZROT
314,GBSP15547-19|Filinia-longiseta|COI-5P|KY749484,GBSP15547-19|Filinia-longiseta|COI-5P|KY749484,Filinia longiseta,Public
315,NZPLR257-13|Filinia_novaezelandia,NZPLR257-13|Filinia_novaezelandia,Filinia novaezelandia,DS-NZROT
316,NZPLR262-13|Filinia_novaezelandia,NZPLR262-13|Filinia_novaezelandia,Filinia novaezelandia,DS-NZROT
317,NZPLR263-13|Filinia_novaezelandia,NZPLR263-13|Filinia_novaezelandia,Filinia novaezelandia,DS-NZROT
